{"type":"FeatureCollection","features":[{"type":"Feature","properties":{"gbifID":1.2021e-314,"order":"Araneae","family":"Philodromidae","genus":"Philodromus","species":"","scientificName":"Philodromus Walckenaer, 1826","countryCode":"US","stateProvince":"New Mexico","year":2019,"collectionCode":"Arth","catalogNumber":"68882","latLong":"33.269, -107.621"},"geometry":{"type":"Point","coordinates":[-107.621,33.269]}},{"type":"Feature","properties":{"gbifID":1.2021e-314,"order":"Araneae","family":"Lycosidae","genus":"Pardosa","species":"Pardosa sierra","scientificName":"Pardosa sierra Banks, 1898","countryCode":"US","stateProvince":"New Mexico","year":2019,"collectionCode":"Arth","catalogNumber":"68878","latLong":"33.269, -107.621"},"geometry":{"type":"Point","coordinates":[-107.621,33.269]}},{"type":"Feature","properties":{"gbifID":1.2021e-314,"order":"Araneae","family":"Araneidae","genus":"Metepeira","species":"","scientificName":"Metepeira Cambridge, 1903","countryCode":"US","stateProvince":"New Mexico","year":2019,"collectionCode":"Arth","catalogNumber":"68884","latLong":"33.269, -107.621"},"geometry":{"type":"Point","coordinates":[-107.621,33.269]}},{"type":"Feature","properties":{"gbifID":1.2021e-314,"order":"Araneae","family":"Sparassidae","genus":"Olios","species":"Olios giganteus","scientificName":"Olios giganteus Keyserling, 1884","countryCode":"US","stateProvince":"New Mexico","year":2019,"collectionCode":"Arth","catalogNumber":"68881","latLong":"33.269, -107.621"},"geometry":{"type":"Point","coordinates":[-107.621,33.269]}},{"type":"Feature","properties":{"gbifID":1.2021e-314,"order":"Araneae","family":"Lycosidae","genus":"Geolycosa","species":"","scientificName":"Geolycosa Montgomery, 1904","countryCode":"US","stateProvince":"New Mexico","year":2019,"collectionCode":"Arth","catalogNumber":"68877","latLong":"33.269, -107.621"},"geometry":{"type":"Point","coordinates":[-107.621,33.269]}},{"type":"Feature","properties":{"gbifID":1.2021e-314,"order":"Araneae","family":"Anyphaenidae","genus":"Anyphaena","species":"Anyphaena pacifica","scientificName":"Anyphaena pacifica (Banks, 1896)","countryCode":"US","stateProvince":"New Mexico","year":2019,"collectionCode":"Arth","catalogNumber":"68885","latLong":"33.269, -107.621"},"geometry":{"type":"Point","coordinates":[-107.621,33.269]}},{"type":"Feature","properties":{"gbifID":896327505,"order":"Passeriformes","family":"Turdidae","genus":"Hylocichla","species":"Hylocichla mustelina","scientificName":"Hylocichla mustelina (Gmelin, 1789)","countryCode":"US","stateProvince":"New Mexico","elevation":1258,"year":2010,"collectionCode":"Bird","catalogNumber":"MSB:Bird:29857","latLong":"34.111867, -103.5296"},"geometry":{"type":"Point","coordinates":[-103.5296,34.1119]}},{"type":"Feature","properties":{"gbifID":1145120386,"order":"Passeriformes","family":"Thraupidae","genus":"Conirostrum","species":"Conirostrum cinereum","scientificName":"Conirostrum cinereum d'Orbigny & Lafresnaye, 1838","countryCode":"PE","stateProvince":"Apurimac","elevation":3602,"year":2009,"collectionCode":"Bird","catalogNumber":"MSB:Bird:33652","latLong":"-14.406667, -73.08815"},"geometry":{"type":"Point","coordinates":[-73.0881,-14.4067]}},{"type":"Feature","properties":{"gbifID":1145120323,"order":"Passeriformes","family":"Furnariidae","genus":"Pseudocolaptes","species":"Pseudocolaptes boissonneautii","scientificName":"Pseudocolaptes boissonneautii (Lafresnaye, 1840)","countryCode":"PE","stateProvince":"Cusco","elevation":2330,"year":2009,"collectionCode":"Bird","catalogNumber":"MSB:Bird:33609","latLong":"-13.525983, -70.908067"},"geometry":{"type":"Point","coordinates":[-70.9081,-13.526]}},{"type":"Feature","properties":{"gbifID":896330198,"order":"Passeriformes","family":"Corvidae","genus":"Cyanocitta","species":"Cyanocitta stelleri","scientificName":"Cyanocitta stelleri (Gmelin, 1788)","countryCode":"US","stateProvince":"New Mexico","year":1970,"collectionCode":"Bird","catalogNumber":"MSB:Bird:3712","latLong":"31.505971, -108.709803"},"geometry":{"type":"Point","coordinates":[-108.7098,31.506]}},{"type":"Feature","properties":{"gbifID":1145123343,"order":"Passeriformes","family":"Turdidae","genus":"Catharus","species":"Catharus guttatus","scientificName":"Catharus guttatus (Pallas, 1811)","countryCode":"US","stateProvince":"New Mexico","elevation":1715,"year":2013,"collectionCode":"Bird","catalogNumber":"MSB:Bird:41007","latLong":"36.599517, -108.306433"},"geometry":{"type":"Point","coordinates":[-108.3064,36.5995]}},{"type":"Feature","properties":{"gbifID":1145125145,"order":"Passeriformes","family":"Tyrannidae","genus":"Anairetes","species":"Anairetes nigrocristatus","scientificName":"Anairetes nigrocristatus Taczanowski, 1884","countryCode":"PE","stateProvince":"Piura","elevation":2255,"year":2012,"collectionCode":"Bird","catalogNumber":"MSB:Bird:43079","latLong":"-5.834717, -79.504183"},"geometry":{"type":"Point","coordinates":[-79.5042,-5.8347]}},{"type":"Feature","properties":{"gbifID":1820428168,"order":"Cypriniformes","family":"Cyprinidae","genus":"Chrosomus","species":"Chrosomus erythrogaster","scientificName":"Chrosomus erythrogaster (Rafinesque, 1820)","countryCode":"US","stateProvince":"New Mexico","year":1954,"collectionCode":"Fish","catalogNumber":"MSB:Fish:1614","latLong":"36.278019, -105.261345"},"geometry":{"type":"Point","coordinates":[-105.2613,36.278]}},{"type":"Feature","properties":{"gbifID":1820496394,"order":"Cypriniformes","family":"Cyprinidae","genus":"Rhinichthys","species":"Rhinichthys cataractae","scientificName":"Rhinichthys cataractae (Valenciennes, 1842)","countryCode":"US","stateProvince":"New Mexico","year":1990,"collectionCode":"Fish","catalogNumber":"MSB:Fish:7825","latLong":"35.322164, -106.557448"},"geometry":{"type":"Point","coordinates":[-106.5574,35.3222]}},{"type":"Feature","properties":{"gbifID":1820484536,"order":"Cypriniformes","family":"Cyprinidae","genus":"Ptychocheilus","species":"Ptychocheilus lucius","scientificName":"Ptychocheilus lucius Girard, 1856","countryCode":"US","stateProvince":"Colorado","year":1968,"collectionCode":"Fish","catalogNumber":"MSB:Fish:66787","latLong":"40.525256, -108.249553"},"geometry":{"type":"Point","coordinates":[-108.2496,40.5253]}},{"type":"Feature","properties":{"gbifID":1820511578,"order":"Cypriniformes","family":"Cyprinidae","genus":"Rhinichthys","species":"Rhinichthys osculus","scientificName":"Rhinichthys osculus (Girard, 1856)","countryCode":"US","stateProvince":"New Mexico","year":2000,"collectionCode":"Fish","catalogNumber":"MSB:Fish:92434","latLong":"36.883251, -108.833549"},"geometry":{"type":"Point","coordinates":[-108.8335,36.8833]}},{"type":"Feature","properties":{"gbifID":1820442769,"order":"Cypriniformes","family":"Cyprinidae","genus":"Pimephales","species":"Pimephales promelas","scientificName":"Pimephales promelas Rafinesque, 1820","countryCode":"US","stateProvince":"New Mexico","year":1960,"collectionCode":"Fish","catalogNumber":"MSB:Fish:2935","latLong":"35.683508, -106.740787"},"geometry":{"type":"Point","coordinates":[-106.7408,35.6835]}},{"type":"Feature","properties":{"gbifID":1820474542,"order":"Cypriniformes","family":"Cyprinidae","genus":"Hybognathus","species":"Hybognathus amarus","scientificName":"Hybognathus amarus (Girard, 1856)","countryCode":"US","stateProvince":"New Mexico","year":1986,"collectionCode":"Fish","catalogNumber":"MSB:Fish:5794","latLong":"34.067917, -106.874528"},"geometry":{"type":"Point","coordinates":[-106.8745,34.0679]}},{"type":"Feature","properties":{"gbifID":1842916294,"order":"Fabales","family":"Fabaceae","genus":"Vachellia","species":"Vachellia constricta","scientificName":"Acacia constricta Benth.","countryCode":"US","stateProvince":"New Mexico","elevation":1828,"year":1990,"collectionCode":"Herb","catalogNumber":"UNM0039977","latLong":"31.603341, -108.667856"},"geometry":{"type":"Point","coordinates":[-108.6679,31.6033]}},{"type":"Feature","properties":{"gbifID":1842916355,"order":"Sapindales","family":"Sapindaceae","genus":"Acer","species":"Acer negundo","scientificName":"Acer negundo L.","countryCode":"US","stateProvince":"New Mexico","elevation":1752,"year":1993,"collectionCode":"Herb","catalogNumber":"UNM0000350","latLong":"32.930925, -108.981817"},"geometry":{"type":"Point","coordinates":[-108.9818,32.9309]}},{"type":"Feature","properties":{"gbifID":1842916379,"order":"Asterales","family":"Asteraceae","genus":"Achillea","species":"Achillea millefolium","scientificName":"Achillea millefolium var. alpicola (Rydb.) Garrett","countryCode":"US","stateProvince":"New Mexico","year":1960,"collectionCode":"Herb","catalogNumber":"UNM0006909","latLong":"35.202254, -107.515002"},"geometry":{"type":"Point","coordinates":[-107.515,35.2023]}},{"type":"Feature","properties":{"gbifID":1842916382,"order":"Asterales","family":"Asteraceae","genus":"Achillea","species":"Achillea millefolium","scientificName":"Achillea millefolium var. occidentalis DC.","countryCode":"US","stateProvince":"New Mexico","elevation":2529,"year":1963,"collectionCode":"Herb","catalogNumber":"UNM0006959","latLong":"34.739748, -106.40208"},"geometry":{"type":"Point","coordinates":[-106.4021,34.7397]}},{"type":"Feature","properties":{"gbifID":1842916353,"order":"Asterales","family":"Asteraceae","genus":"Achillea","species":"Achillea millefolium","scientificName":"Achillea millefolium var. occidentalis DC.","countryCode":"US","stateProvince":"New Mexico","elevation":2377,"year":1968,"collectionCode":"Herb","catalogNumber":"UNM0006859","latLong":"35.213388, -108.144057"},"geometry":{"type":"Point","coordinates":[-108.1441,35.2134]}},{"type":"Feature","properties":{"gbifID":1842916364,"order":"Asterales","family":"Asteraceae","genus":"Achillea","species":"Achillea millefolium","scientificName":"Achillea millefolium var. occidentalis DC.","countryCode":"US","stateProvince":"New Mexico","year":1930,"collectionCode":"Herb","catalogNumber":"UNM0006821","latLong":"35.213775, -106.407671"},"geometry":{"type":"Point","coordinates":[-106.4077,35.2138]}},{"type":"Feature","properties":{"gbifID":3413349301,"order":"Testudines","family":"Testudinidae","genus":"Gopherus","species":"Gopherus morafkai","scientificName":"Gopherus morafkai Murphy, Berry, Edwards, Leviton, Lathrop & Riedle, 2011","countryCode":"US","stateProvince":"Arizona","year":1998,"collectionCode":"Herp","catalogNumber":"MSB:Herp:76297","latLong":"33.370789, -111.420706"},"geometry":{"type":"Point","coordinates":[-111.4207,33.3708]}},{"type":"Feature","properties":{"gbifID":2804125301,"order":"Caudata","family":"Plethodontidae","genus":"Aneides","species":"Aneides hardii","scientificName":"Aneides hardii (Taylor, 1941)","countryCode":"US","stateProvince":"New Mexico","year":2016,"collectionCode":"Herp","catalogNumber":"MSB:Herp:100535","latLong":"33.6054869991298, -105.364072"},"geometry":{"type":"Point","coordinates":[-105.3641,33.6055]}},{"type":"Feature","properties":{"gbifID":2423878470,"order":"Squamata","family":"Phrynosomatidae","genus":"Sceloporus","species":"Sceloporus cowlesi","scientificName":"Sceloporus cowlesi Lowe & Norris, 1956","countryCode":"US","stateProvince":"New Mexico","year":1988,"collectionCode":"Herp","catalogNumber":"MSB:Herp:51156","latLong":"31.9367, -108.94825"},"geometry":{"type":"Point","coordinates":[-108.9483,31.9367]}},{"type":"Feature","properties":{"gbifID":2423876362,"order":"Squamata","family":"Phrynosomatidae","genus":"Sceloporus","species":"Sceloporus cowlesi","scientificName":"Sceloporus cowlesi Lowe & Norris, 1956","countryCode":"US","stateProvince":"New Mexico","year":1963,"collectionCode":"Herp","catalogNumber":"MSB:Herp:18917","latLong":"36.36793, -104.93098"},"geometry":{"type":"Point","coordinates":[-104.931,36.3679]}},{"type":"Feature","properties":{"gbifID":2446751239,"order":"Squamata","family":"Phrynosomatidae","genus":"Uta","species":"Uta stansburiana","scientificName":"Uta stansburiana Baird & Girard, 1852","countryCode":"US","stateProvince":"Utah","year":1985,"collectionCode":"Herp","catalogNumber":"MSB:Herp:44603","latLong":"37.323692, -110.809176"},"geometry":{"type":"Point","coordinates":[-110.8092,37.3237]}},{"type":"Feature","properties":{"gbifID":2866833301,"order":"Squamata","family":"Tropiduridae","genus":"Microlophus","species":"Microlophus albemarlensis","scientificName":"Microlophus albemarlensis (Baur, 1890)","countryCode":"EC","stateProvince":"Galapagos","year":1993,"collectionCode":"Herp","catalogNumber":"MSB:Herp:65870","latLong":"-0.4992, -90.51365"},"geometry":{"type":"Point","coordinates":[-90.5136,-0.4992]}},{"type":"Feature","properties":{"gbifID":1837186828,"order":"Rodentia","family":"Cricetidae","genus":"Peromyscus","species":"Peromyscus maniculatus","scientificName":"Peromyscus maniculatus (Wagner, 1845)","countryCode":"US","stateProvince":"North Dakota","year":2016,"collectionCode":"Mamm","catalogNumber":"MSB:Mamm:317769","latLong":"47.145477, -99.234645"},"geometry":{"type":"Point","coordinates":[-99.2346,47.1455]}},{"type":"Feature","properties":{"gbifID":1837186825,"order":"Rodentia","family":"Cricetidae","genus":"Peromyscus","species":"Peromyscus maniculatus","scientificName":"Peromyscus maniculatus (Wagner, 1845)","countryCode":"US","stateProvince":"North Dakota","year":2016,"collectionCode":"Mamm","catalogNumber":"MSB:Mamm:317786","latLong":"47.145477, -99.234645"},"geometry":{"type":"Point","coordinates":[-99.2346,47.1455]}},{"type":"Feature","properties":{"gbifID":1837186770,"order":"Rodentia","family":"Cricetidae","genus":"Peromyscus","species":"Peromyscus maniculatus","scientificName":"Peromyscus maniculatus (Wagner, 1845)","countryCode":"US","stateProvince":"North Dakota","year":2016,"collectionCode":"Mamm","catalogNumber":"MSB:Mamm:317794","latLong":"47.145477, -99.234645"},"geometry":{"type":"Point","coordinates":[-99.2346,47.1455]}},{"type":"Feature","properties":{"gbifID":1837186921,"order":"Rodentia","family":"Cricetidae","genus":"Peromyscus","species":"Peromyscus maniculatus","scientificName":"Peromyscus maniculatus (Wagner, 1845)","countryCode":"US","stateProvince":"North Dakota","year":2016,"collectionCode":"Mamm","catalogNumber":"MSB:Mamm:317808","latLong":"47.145477, -99.234645"},"geometry":{"type":"Point","coordinates":[-99.2346,47.1455]}},{"type":"Feature","properties":{"gbifID":1837186865,"order":"Rodentia","family":"Cricetidae","genus":"Peromyscus","species":"Peromyscus maniculatus","scientificName":"Peromyscus maniculatus (Wagner, 1845)","countryCode":"US","stateProvince":"North Dakota","year":2016,"collectionCode":"Mamm","catalogNumber":"MSB:Mamm:317830","latLong":"47.145477, -99.234645"},"geometry":{"type":"Point","coordinates":[-99.2346,47.1455]}},{"type":"Feature","properties":{"gbifID":1837186977,"order":"Rodentia","family":"Cricetidae","genus":"Microtus","species":"Microtus pennsylvanicus","scientificName":"Microtus pennsylvanicus (Ord, 1815)","countryCode":"US","stateProvince":"North Dakota","year":2017,"collectionCode":"Mamm","catalogNumber":"MSB:Mamm:317855","latLong":"47.145477, -99.234645"},"geometry":{"type":"Point","coordinates":[-99.2346,47.1455]}},{"type":"Feature","properties":{"gbifID":1050666461,"order":"Cyclophyllidea","family":"Hymenolepididae","genus":"Arostrilepis","species":"","scientificName":"Arostrilepis Mas-Coma & Tenora, 1997","countryCode":"US","stateProvince":"Alaska","year":2000,"collectionCode":"Para","catalogNumber":"MSB:Para:19354","latLong":"65.053611, -164.728889"},"geometry":{"type":"Point","coordinates":[-164.7289,65.0536]}},{"type":"Feature","properties":{"gbifID":896345256,"order":"Rhabditida","family":"Ascarididae","genus":"Toxascaris","species":"","scientificName":"Toxascaris Leiper, 1907","countryCode":"US","stateProvince":"Alaska","year":1959,"collectionCode":"Para","catalogNumber":"MSB:Para:15918","latLong":"63.77972, -171.74111"},"geometry":{"type":"Point","coordinates":[-171.7411,63.7797]}},{"type":"Feature","properties":{"gbifID":1563352982,"order":"","family":"","genus":"","species":"","scientificName":"Cestoda","countryCode":"US","stateProvince":"Alaska","year":1959,"collectionCode":"Para","catalogNumber":"MSB:Para:25794","latLong":"63.576091, -170.87962"},"geometry":{"type":"Point","coordinates":[-170.8796,63.5761]}},{"type":"Feature","properties":{"gbifID":1145393913,"order":"Cyclophyllidea","family":"Catenotaeniidae","genus":"Catenotaenia","species":"","scientificName":"Catenotaenia Janicki, 1904","countryCode":"US","stateProvince":"Alaska","year":1945,"collectionCode":"Para","catalogNumber":"MSB:Para:21275","latLong":"68.146389, -151.7225"},"geometry":{"type":"Point","coordinates":[-151.7225,68.1464]}},{"type":"Feature","properties":{"gbifID":2005722467,"order":"Plagiorchiida","family":"","genus":"","species":"","scientificName":"Plagiorchiida","countryCode":"US","stateProvince":"New Mexico","year":2018,"collectionCode":"Para","catalogNumber":"MSB:Para:28818","latLong":"35.847283, -105.606029"},"geometry":{"type":"Point","coordinates":[-105.606,35.8473]}},{"type":"Feature","properties":{"gbifID":896339835,"order":"Rhabditida","family":"Oxyuridae","genus":"Heteromyoxyuris","species":"","scientificName":"Heteromyoxyuris Quentin, 1974","countryCode":"US","stateProvince":"New Mexico","year":1997,"collectionCode":"Para","catalogNumber":"MSB:Para:11002","latLong":"34.420524, -107.035359"},"geometry":{"type":"Point","coordinates":[-107.0354,34.4205]}},{"type":"Feature","properties":{"gbifID":1145125597,"order":"Anseriformes","family":"Anatidae","genus":"Anas","species":"Anas clypeata","scientificName":"Anas clypeata Linnaeus, 1758","countryCode":"US","stateProvince":"New Mexico","year":2004,"collectionCode":"Host","catalogNumber":"MSB:Host:20873","latLong":"33.7131, -106.9579"},"geometry":{"type":"Point","coordinates":[-106.9579,33.7131]}},{"type":"Feature","properties":{"gbifID":897144135,"order":"Rodentia","family":"Cricetidae","genus":"Microtus","species":"Microtus oeconomus","scientificName":"Microtus oeconomus (Pallas, 1776)","countryCode":"US","stateProvince":"Alaska","year":1957,"collectionCode":"Host","catalogNumber":"MSB:Host:8107","latLong":"63.77972, -171.74111"},"geometry":{"type":"Point","coordinates":[-171.7411,63.7797]}},{"type":"Feature","properties":{"gbifID":897144862,"order":"Carnivora","family":"Canidae","genus":"Vulpes","species":"Vulpes lagopus","scientificName":"Alopex lagopus (Linnaeus, 1758)","countryCode":"US","stateProvince":"Alaska","year":1956,"collectionCode":"Host","catalogNumber":"MSB:Host:8282","latLong":"71.290556, -156.788611"},"geometry":{"type":"Point","coordinates":[-156.7886,71.2906]}},{"type":"Feature","properties":{"gbifID":1050665153,"order":"Anseriformes","family":"Anatidae","genus":"Anas","species":"Anas strepera","scientificName":"Anas strepera Linnaeus, 1758","countryCode":"US","stateProvince":"Louisiana","year":2003,"collectionCode":"Host","catalogNumber":"MSB:Host:15441","latLong":"29.673044, -92.689903"},"geometry":{"type":"Point","coordinates":[-92.6899,29.673]}},{"type":"Feature","properties":{"gbifID":1058375763,"order":"","family":"Chilinidae","genus":"Chilina","species":"Chilina dombeiana","scientificName":"Chilina dombeiana (Bruguière, 1789)","countryCode":"AR","stateProvince":"Rio Negro","year":2009,"collectionCode":"Host","catalogNumber":"MSB:Host:15602","latLong":"-41.283333, -71.633333"},"geometry":{"type":"Point","coordinates":[-71.6333,-41.2833]}},{"type":"Feature","properties":{"gbifID":897140266,"order":"Carnivora","family":"Canidae","genus":"Vulpes","species":"Vulpes lagopus","scientificName":"Alopex lagopus (Linnaeus, 1758)","countryCode":"US","stateProvince":"Alaska","year":1954,"collectionCode":"Host","catalogNumber":"MSB:Host:4333","latLong":"63.77972, -171.74111"},"geometry":{"type":"Point","coordinates":[-171.7411,63.7797]}}]}